,b_id_,barrio_,price_aprox_local_currency_min,price_aprox_local_currency_max,price_aprox_local_currency_mean,price_aprox_local_currency_std,price_aprox_usd_min,price_aprox_usd_max,price_aprox_usd_mean,price_aprox_usd_std,created_on_count
0,0.0,PALERMO,0.0,1501039.0,34566.88694296941,49085.36340189033,0.0,94000.0,2016.8660817363175,2889.677629824321,4433
1,1.0,BELGRANO,0.0,705780.0,35751.13024580337,50794.04468470981,0.0,40000.0,2077.634832134292,2947.7500690663096,1727
2,2.0,NUÑEZ,0.0,419657.92,26568.049533132533,37840.21910752051,0.0,26280.36,1555.4945180722905,2275.8544555185963,672
3,3.0,VILLA ORTUZAR,0.0,237583.5,23799.356015625013,35600.82839685165,0.0,12100.0,1371.1531249999991,2009.7574470742666,131
4,4.0,BALVANERA,0.0,1390000.0,30939.876621480726,73083.3853516073,0.0,80000.0,1807.461824817517,4266.068559315872,995
5,5.0,SAN CRISTOBAL,0.0,1036470.0,25626.44560000001,87622.00143644979,0.0,60000.0,1489.9452666666675,5072.500212001504,159
6,6.0,VILLA CRESPO,0.0,574866.0,30414.494764851526,44981.14735757982,0.0,36000.0,1775.677215346534,2647.6574163051746,830
7,8.0,FLORESTA,0.0,289999.87,16154.129999999986,25377.8223034996,0.0,16690.64,947.0486,1483.6714194908882,209
8,9.0,PARQUE CHACABUCO,0.0,138539.49,14293.704313725486,17574.4041437355,0.0,7851.71,814.2535294117647,990.8739216106226,106
9,10.0,PARQUE AVELLANEDA,0.0,247391.94,14488.248412698407,31465.815271432784,0.0,14020.91,835.4492063492063,1784.18026248733,66
10,11.0,CABALLITO,0.0,1623294.0,31993.21376486127,102952.78057436779,0.0,92000.0,1828.7979656538996,5887.885510426451,813
11,12.0,ALMAGRO,0.0,878267.5,17953.989677419355,50862.31941451641,0.0,55000.0,1048.3825645161292,3066.954208538513,652
12,14.0,VILLA URQUIZA,0.0,1209215.0,20783.386701030926,60656.917462318794,0.0,70000.0,1190.616020618557,3498.1862177940297,491
13,15.0,SAAVEDRA,0.0,343612.5,16124.176943005186,26832.35942028082,0.0,17500.0,923.7990155440408,1395.1887266881395,200
14,16.0,VILLA PUEYRREDON,0.0,123511.5,11446.000181818183,12741.689997215131,0.0,7000.0,646.108727272727,726.4573460282201,111
15,17.0,VILLA LURO,0.0,423468.0,23020.3910576923,69879.40700846723,0.0,24000.0,1345.2485576923073,4020.521366843301,108
16,18.0,MATADEROS,0.0,193660.5,13272.838019801979,22124.038177584203,0.0,11000.0,769.0016831683163,1262.9259264681402,205
17,19.0,FLORES,0.0,1307820.15,23817.598096385507,99286.94487991238,0.0,81900.0,1394.2304578313242,6038.85063579935,434
18,21.0,LINIERS,0.0,249595.81,16714.755125,26140.561915693754,0.0,14177.15,966.2793749999998,1509.563409807133,169
19,23.0,VILLA DEVOTO,0.0,145584.96,14896.770564516137,19568.219980294776,0.0,7827.99,846.5677419354839,1083.1009436347904,260
20,24.0,BOCA,0.0,616192.5,28659.938227848095,59497.31566941981,0.0,35000.0,1687.6767721518977,3421.0434354005442,162
21,25.0,AGRONOMIA,0.0,86175.0,10955.837906976745,12993.562240439458,0.0,5000.0,638.3290697674418,763.6680120557684,43
22,26.0,CHACARITA,3719.54,346919.33,23793.591654135358,39046.16993908083,215.32,21725.23,1400.1840225563915,2362.595183480982,271
23,27.0,PATERNAL,3903.49,149757.49,23484.076562500017,31810.083513823305,244.45,8506.29,1322.226875000001,1794.6389917848448,65
24,28.0,COLEGIALES,0.0,334764.0,21650.517626112778,31528.825948158126,0.0,18897.04,1256.6787240356086,1839.624489756149,349
25,29.0,VILLA DEL PARQUE,0.0,1437165.0,18927.852031250008,103187.23983481964,0.0,90000.0,1120.2071354166665,6463.8902434573765,204
26,30.0,VILLA LUGANO,0.0,181054.36,16259.07346938775,32362.753503877902,0.0,11338.22,965.7066326530605,1925.2464222486763,98
27,31.0,VILLA SANTA RITA,0.0,34634.74,9273.031249999998,5216.516114793136,0.0,1962.92,531.0335576923079,293.29136278007695,105
28,32.0,BARRACAS,4208.49,312417.98,25863.239113300482,43261.99836625088,252.37,15911.28,1505.5946798029536,2472.29468226158,207
29,33.0,MONTE CASTRO,2327.04,549780.0,18780.585181818184,54090.10609591717,134.71,28000.0,1058.9156363636362,2792.816242067332,112
30,34.0,VILLA RIACHUELO,2758.73,22077.0,8648.597931034481,4131.098246113927,159.7,1124.37,489.0237931034484,209.88908282392856,29
31,35.0,RETIRO,0.0,777352.5,40348.267501976174,62467.1147017781,0.0,45000.0,2365.493920948617,3647.6571898539437,1306
32,37.0,VILLA SOLDATI,7399.84,25250.5,12318.307499999999,8635.335961769237,425.89,1581.27,742.36,560.0432965405442,4
33,38.0,CONSTITUCION,0.0,625500.0,28314.557464788744,75856.23281854,0.0,36000.0,1639.2489436619715,4362.192429115132,151
34,39.0,BOEDO,0.0,227238.45,18373.663406593398,29916.943354639487,0.0,13263.59,1044.4824175824172,1685.2742631659823,98
35,40.0,PARQUE PATRICIOS,0.0,352890.0,38934.52681034485,54508.90009832142,0.0,20000.0,2216.0642241379314,3036.7440822474014,136
36,41.0,SAN TELMO,0.0,294909.05,21294.81231428574,27466.804819579444,0.0,17071.93,1245.7331142857142,1612.7368672239918,358
37,42.0,COGHLAN,1000.21,193660.5,16638.448383838382,23250.132197587245,50.94,11000.0,951.5313131313135,1312.359008416808,99
38,43.0,SAN NICOLAS,0.0,1760550.0,53572.08675334316,144017.03125008364,0.0,100000.0,3130.5476374442765,8356.88329204455,1439
39,44.0,RECOLETA,0.0,777352.5,29071.188965656504,44691.30548273888,0.0,45000.0,1696.9711555555557,2625.8753650309836,2572
40,45.0,VILLA REAL,4661.84,48281.07,14730.954848484846,11531.181185811507,283.54,3023.52,836.8445454545454,683.0471928154512,34
41,46.0,NUEVA POMPEYA,0.0,316899.0,36064.50136363635,70505.77552208849,0.0,18000.0,2089.841590909091,4037.076417474075,51
42,47.0,PARQUE CHAS,1297.88,83459.84,15328.995964912281,15223.08360885215,73.72,5226.53,874.878947368421,879.1144012232752,60
43,48.0,PUERTO MADERO,0.0,445114.28,54740.53511196911,39837.50952112181,0.0,25767.13,3259.563104247097,2351.5713378496357,1347
